{"learning_rate": 0.04651854585555216, "num_leaves": 32, "max_depth": 11, "min_data_in_leaf": 93, "feature_fraction": 0.8055042340349872, "bagging_fraction": 0.7282699516857707, "bagging_freq": 3, "lambda_l1": 0.004893616962314094, "lambda_l2": 0.000365174481237317}